,mode,hpd_min,hpd_max
F164T_ka,-4.996786541357897,0.6592578458188267,0.4025112474766033
Q294V_ka,-6.3623083794876205,0.6192533615662361,0.4791188465402296
wt_ka,-5.028484320437196,0.10810555200294392,0.09976133917141983
F164T_ki,0.9096963505981893,0.24365936744887007,0.17275448675996585
Q294V_ki,-0.8747861711829661,0.312975395978889,0.26581342112510997
wt_ki,0.7246145724672187,0.07587416718756457,0.07612594321953525
sigma,0.10866002527778253,0.00988430871611129,0.011155881826788658
F164T_Ka,147.93700501433466,57.5092074472649,123.58086125270603
Q294V_Ka,579.5827102341041,250.78395435709297,444.3214739943227
wt_Ka,152.70139083039936,14.747022263547166,17.136633942013873
F164T_Ki,0.4026464688323188,0.06731756731260546,0.10682372879292679
Q294V_Ki,2.398362400138472,0.6101242367176196,0.8106630316909698
wt_Ki,0.48451127695793134,0.036596088555921724,0.037027708412417815
