,mode,hpd_min,hpd_max
sigma,0.0760303262136053,0.009944398840648308,0.0156876980321647
Q21A_eps,-9.572449928712146,0.16232844763862353,0.15120953824184014
Q21M_eps,-14.604123540530573,3.394893331309312,1.1741855455170818
Y20I_eps,-8.981236332811545,0.1579113554586815,0.1578214615446054
wt_eps,-13.885975105607072,0.4005900707102139,0.3797371981706945
