,mode,hpd_min,hpd_max
sigma,0.0849392716924429,0.003322583587325803,0.0041025636573727015
Q21A_eps,-9.95095716022136,0.08512583389082096,0.08942224510136221
Q21M_eps,-14.820195752123158,0.06398397915324416,0.0713543457910788
Y20I_eps,-9.136991504936304,0.08166064904782111,0.09456561016156328
wt_eps,-13.57346540635241,0.0769439223398205,0.07268345938525478
