parameter,mode,hpd_min,hpd_max
ep_R_wt,-14.156548640514636,-15.240778017197025,-13.734101548650374
ep_R_Q21M,-15.324463092020713,-22.582599046919647,-14.773958419542973
ep_R_Q21A,-10.171631927050548,-10.471115420172687,-10.088723313373062
ep_R_Y20I,-9.670463671842484,-9.925110761943522,-9.432394784740103
sigma_wt,0.01554667606872209,0.0107803720607129,0.020156349150552026
sigma_Q21M,0.0182812344355693,0.015624444545580084,0.02467118290415292
sigma_Q21A,0.060835474894524434,0.06514071700193724,0.12522426910242768
sigma_Y20I,0.0859103042005032,0.08373532148179577,0.15702769545874964
