parameter,mode,hpd_min,hpd_max
ep_R_wt,-13.98607996782499,-14.507169821558424,-13.58502657906544
ep_R_Q21M,-14.874944651696657,-15.499556226867508,-14.627396033287487
ep_R_Q21A,-10.219949923791294,-10.46848606165706,-10.085592999497912
ep_R_Y20I,-9.614464257111766,-9.92429847880752,-9.43399689301221
sigma_wt,0.011682574924733733,0.009023464020403852,0.018273441460475364
sigma_Q21M,0.012060202357310885,0.011016235829242037,0.01913374680275206
sigma_Q21A,0.06931753742112882,0.06447605115634275,0.12489800498354375
sigma_Y20I,0.07798323755737031,0.08558068507718529,0.15769243194985993
