,parameter,mode,hpd_min,hpd_max
0,ep_R_wt,-14.263126903216252,-15.18128850023942,-13.730652557826565
1,ep_R_Q21M,-15.149446581200566,-22.50609886773148,-14.77339808285108
2,ep_R_Q21A,-10.383217981751256,-10.475483716173175,-10.09638053542193
3,ep_R_Y20I,-9.732960961385986,-9.9252886786636,-9.439386913674527
4,sigma_wt,0.012738504544774442,0.010724126025014375,0.020031182160768247
5,sigma_Q21M,0.019343984129622432,0.015578186196945691,0.024491611099185275
6,sigma_Q21A,0.06947275649090026,0.0649246176252949,0.1266677041315426
7,sigma_Y20I,0.0783772762294803,0.08340974848239377,0.15736047452471738
