parameter,mode,hpd_min,hpd_max
ep_R_wt,-14.066487664362501,-15.25419480444731,-13.717067199068136
ep_R_Q21M,-14.932339676110256,-22.363879876368134,-14.787754578688928
ep_R_Q21A,-10.219622824899051,-10.471812164488128,-10.095167812109274
ep_R_Y20I,-9.56573794534322,-9.92064643014536,-9.440520241161355
sigma_wt,0.014074701017454646,0.010861912695162616,0.020255149325157696
sigma_Q21M,0.01866638372459842,0.015578044771186477,0.024607538316208703
sigma_Q21A,0.06109858106663666,0.0658536153598927,0.12477804914156543
sigma_Y20I,0.08130783126749971,0.08492514463966117,0.15688223303661097
