parameter,mode,hpd_min,hpd_max
ep_R_wt,-13.925602117874085,-14.534914485759026,-13.591958428901567
ep_R_Q21M,-14.969744236949492,-15.468734351883299,-14.599975921571179
ep_R_Q21A,-10.290720121497587,-10.465956162949654,-10.091392675859153
ep_R_Y20I,-9.713292489198356,-9.929311847802577,-9.441398954496902
sigma_wt,0.013016107211856422,0.009204116902398947,0.018516698840514944
sigma_Q21M,0.013723660218835792,0.01104815254076382,0.019165802906120036
sigma_Q21A,0.08896958799362756,0.06524607568479111,0.12528787786869663
sigma_Y20I,0.11010682567556963,0.0846520689695978,0.1571988127932719
