parameter,mode,hpd_min,hpd_max
ep_R_wt,-16.04164889154574,-15.203601381131683,-12.890494854145059
ep_R_Q21M,-14.893152383361398,-18.22511931824769,-14.2562162202317
ep_R_Q21A,-10.349048313059411,-10.364845090036766,-10.178589995033075
ep_R_Y20I,-9.74494946811047,-9.907963514445052,-9.640911860442174
ka_wt,144.7013649045435,163.86771653571415,237.3456258694895
ka_Q21M,150.14049463699794,140.45238098333593,177.07173811078044
ka_Q21A,143.65113704048073,85.27817575231798,186.82366571975413
ka_Y20I,58.40602498256466,29.960582673572077,72.38197473977975
ka_tilde_wt,4.974672066243563,5.107846693504864,5.477255948961122
ka_tilde_Q21M,5.011571486644544,4.951562567939951,5.182278156658443
ka_tilde_Q21A,4.967387700747127,4.465765184370557,5.241751173529167
ka_tilde_Y20I,4.067419052022449,3.4268719678279806,4.303547210084647
ki_wt,0.2188479236202544,0.349226884362399,1.2367456814196554
ki_Q21M,0.7578104884399286,0.10378377105812121,1.023099562970889
ki_Q21A,0.8685657622115498,0.8102237404258038,1.0905897347194902
ki_Y20I,0.5336455623641598,0.39745975880255086,0.6147689892558148
ki_tilde_wt,-1.519378203074708,-0.9910623650532985,0.2601267994443243
ki_tilde_Q21M,-0.2773219398495423,-1.9449150624472498,0.1187173545063929
ki_tilde_Q21A,-0.14091197686811482,-0.20665926486100653,0.08979333670841161
ki_tilde_Y20I,-0.6280234012865332,-0.9140105349456482,-0.4787490733142581
sigma_wt,0.08418266914835462,0.07722469594213888,0.09112486048095603
sigma_Q21M,0.064743204547984,0.06263446566965257,0.07313069214981463
sigma_Q21A,0.07033037362737544,0.06661301251336535,0.0796237138767508
sigma_Y20I,0.09959207089917063,0.08727561667012267,0.10273395748736654
