parameter,mode,hpd_min,hpd_max
ep_R_wt,-14.4421615553732,-14.535430050965944,-12.790529571838789
ep_R_Q21M,-15.191908108309073,-16.239135184248347,-14.001289443214008
ep_R_Q21A,-10.260211905824935,-10.364016250792384,-10.175905749602236
ep_R_Y20I,-9.803674522296024,-9.903628145712151,-9.639822017692412
ka_wt,148.10157531355458,162.56326239271436,234.5016352109703
ka_Q21M,137.71349866702394,141.98854264949745,180.69423330311122
ka_Q21A,144.2779536526629,83.46660051802088,185.21233359066122
ka_Y20I,38.04336749226174,28.93619667408524,72.63211227943458
ka_tilde_wt,4.9978983580406435,5.099386437219172,5.465084110863309
ka_tilde_Q21M,4.925175430465424,4.961678204212926,5.201860355694937
ka_tilde_Q21A,4.97174167276774,4.45806642713488,5.241297122714978
ka_tilde_Y20I,3.6387267587922487,3.4195470505773935,4.322576056712834
ki_wt,0.5021150787422212,0.48803049607768206,1.314010415900924
ki_Q21M,0.6131404855196976,0.34259182876484906,1.2393537897064388
ki_Q21A,0.9609715696821147,0.8137391524901287,1.0924886194566732
ki_Y20I,0.4479061044742737,0.3974526500369187,0.6183643780491193
ki_tilde_wt,-0.6889259450396485,-0.661718748426711,0.31061200074414097
ki_tilde_Q21M,-0.48916119227246796,-0.9367299527981671,0.2766184797616056
ki_tilde_Q21A,-0.03981045454715801,-0.20611541582147425,0.08845823096005427
ki_tilde_Y20I,-0.8031716567609013,-0.9019217335402582,-0.4607477435650727
sigma_wt,0.08477658583683019,0.07486255715773248,0.08836207560685805
sigma_Q21M,0.06732702950471317,0.06389876667577765,0.07555771768413608
sigma_Q21A,0.06689001923329069,0.06696275889463514,0.08011909548746353
sigma_Y20I,0.10209358834457657,0.0870358535895983,0.10273046650619024
