parameter,mode,hpd_min,hpd_max
ka_F164T,162.35068113420766,99.8164194679808,230.03344259710812
ka_wt,187.92675138547384,162.26062074599344,228.74741310114928
ka_Q294V,358.03028098644654,229.24244686456126,442.6279213192409
ka_Q294R,0.02037155893721751,0.0017271630919951993,0.046760132855173324
ka_tilde_F164T,5.089758694007918,4.636451150284607,5.4655525512274545
ka_tilde_wt,5.23605226661821,5.10292322001342,5.443833130433473
ka_tilde_Q294V,5.88061756658472,5.481528728408106,6.129688077644366
ka_tilde_Q294R,-3.8936155206350764,-5.29448393977494,-2.826324189997775
ki_F164T,0.7068362634903508,0.5699530085477309,0.8278985823910273
ki_wt,0.8448416419565066,0.7935457553470715,0.9151946641984855
ki_Q294V,2.9587322113307364,2.258580828676267,3.557205747566856
ki_Q294R,0.0007168227212784409,5.962317208942537e-05,0.0016316883275374965
ki_tilde_F164T,-0.34695623327328956,-0.5550101633693285,-0.1819030652503487
ki_tilde_wt,-0.16860607515628728,-0.22642802684035584,-0.08405196312801655
ki_tilde_Q294V,1.084760869603475,0.8295590314693695,1.2807235623621045
ki_tilde_Q294R,-7.2406819985938204,-8.646339384344573,-6.19463282146614
sigma_F164T,0.10857831943194066,0.09284616338110518,0.1294471341842591
sigma_wt,0.08254855403629358,0.07490902203944727,0.08879482953019116
sigma_Q294V,0.12056509984230206,0.10155281535175825,0.14580741604510836
sigma_Q294R,0.04402607076567912,0.03733543600546283,0.05438318825422039
