parameter,mode,hpd_min,hpd_max
ka_wt,185.06540273126924,164.53089021619618,232.03162650044004
ka_Q294V,177.2549448626947,237.08173212995916,446.00602933872347
ka_F164T,127.71981094288876,98.55651263774931,224.86206751867857
ka_Q294R,0.012632266549305535,0.0020314771096929785,0.04330906515070911
ka_tilde_wt,5.220709290879059,5.108449430082189,5.451784450432225
ka_tilde_Q294V,5.177589062696981,5.468404942991983,6.100332470625377
ka_tilde_F164T,4.849838887598764,4.619519896291364,5.432336784462373
ka_tilde_Q294R,-4.3715009011347705,-5.363320645656762,-2.858358212791207
ki_wt,0.7281730064319623,0.6917316772333918,0.7944220794950796
ki_Q294V,1.6308437617973408,1.9382249638821132,3.0408713161658296
ki_F164T,0.5260381355602726,0.4819122168450313,0.7014284281767644
ki_Q294R,0.00037091493898255183,6.0942236877199706e-05,0.0012826225321671482
ki_tilde_wt,-0.31721661282108543,-0.3685571482215349,-0.2301403727110844
ki_tilde_Q294V,0.48909752616101565,0.6824262273953037,1.1308386429698514
ki_tilde_F164T,-0.6423815678073455,-0.722187708037158,-0.3480053702795496
ki_tilde_Q294R,-7.89953779662401,-8.810239340505005,-6.327016352029989
sigma_wt,0.08218765229872464,0.07726458556065686,0.09094758511709783
sigma_Q294V,0.14255162440235905,0.09806813579573591,0.13803151780888417
sigma_F164T,0.11067620644542715,0.09356023902041172,0.1289381688146671
sigma_Q294R,0.044188142611808534,0.038600900881833315,0.05586413047624595
