parameter,mode,hpd_min,hpd_max
ka_F164T,159.18497648742914,94.8337530683357,223.45817942612277
ka_wt,168.4717652709216,161.34504444414284,226.2657969488994
ka_Q294V,180.23884980526788,221.0121326074304,434.7977203612386
ka_Q294R,0.03193161943785258,0.002477879060081505,0.04597952935487873
ka_tilde_F164T,5.070066900159712,4.618792809878059,5.446324631622109
ka_tilde_wt,5.1267681705940715,5.087557311986608,5.425506343065869
ka_tilde_Q294V,5.1942829146415095,5.445373446101857,6.104650452419694
ka_tilde_Q294R,-3.444158555162232,-5.263808324078893,-2.823962445033191
ki_F164T,0.589178280589274,0.4780099315169013,0.6966661020403535
ki_wt,0.6851922013580546,0.6771912895448295,0.7806392574149362
ki_Q294V,1.7260989020452409,1.8962766244981777,3.025563436663908
ki_Q294R,0.0009725601484979638,5.428907227362055e-05,0.0013416902916312684
ki_tilde_F164T,-0.5290264576167647,-0.7213748133590959,-0.3488092915209689
ki_tilde_wt,-0.3780558941526131,-0.38980149126183056,-0.24764213416668132
ki_tilde_Q294V,0.5458638923204142,0.6555712291272272,1.1181910215011621
ki_tilde_Q294R,-6.9355786350290325,-8.784526201053968,-6.362961380857625
sigma_F164T,0.10835839468347655,0.09318426633066969,0.13024364590740617
sigma_wt,0.08126903475937848,0.07519008152505682,0.08888737721492367
sigma_Q294V,0.13964247720069609,0.10085456296885136,0.14485721991206316
sigma_Q294R,0.04970973657717305,0.038624271600357286,0.05624718525879308
