parameter,mode,hpd_min,hpd_max
ka_wt,179.03300947362362,165.66509661590425,233.7752248176478
ka_Q294V,175.17838846196557,231.24744616253167,440.32043329883334
ka_F164T,140.40980547555318,94.7380662108654,224.27121048290897
ka_Q294R,0.04649330954389186,0.0016276115591480637,0.044612158531113943
ka_tilde_wt,5.187570199306406,5.10996826021603,5.454360076004923
ka_tilde_Q294V,5.165804817366025,5.466969444406561,6.1060847958009585
ka_tilde_F164T,4.944565328722509,4.630810015694443,5.468577995693881
ka_tilde_Q294R,-3.0684468575171775,-5.319566178981263,-2.8376792475106534
ki_wt,0.7247197964305692,0.6907470068004209,0.7960641531433558
ki_Q294V,1.6548275582309602,1.9635212556891057,3.056950382920118
ki_F164T,0.5526197369847152,0.4815076517308673,0.7039301785544344
ki_Q294R,0.0012964095593177142,5.2694744254123514e-05,0.0013346245132516573
ki_tilde_wt,-0.32197018651504916,-0.36998164844833864,-0.2280755019841076
ki_tilde_Q294V,0.5036968089780297,0.6813685098884511,1.1232981555832195
ki_tilde_F164T,-0.5930851505459248,-0.7186583134429776,-0.3401789542846505
ki_tilde_Q294R,-6.648156712983159,-8.814799994038067,-6.349336120268748
sigma_wt,0.08636093772681816,0.07721744480007378,0.09098910589705157
sigma_Q294V,0.12347240015916222,0.0990253856347835,0.13959005782370623
sigma_F164T,0.11261261255104894,0.09250253138743787,0.1297188508457425
sigma_Q294R,0.050650387040061653,0.03855971382459526,0.05626689350848145
