parameter,mode,hpd_min,hpd_max,repressors,mutant,operator
ep_AI,-0.17465332419237128,-1.5231365161534525,16.05451983333743,260.0,Q21A-F164T,O2
sigma,0.10657971336531619,0.06030783553910836,0.3813158574336111,260.0,Q21A-F164T,O2
lp__,6.934134927063809,1.910482664586232,6.934134927063809,260.0,Q21A-F164T,O2
ep_AI,-2.8195471955816016,-18.121972698437546,-1.3835719086445015,260.0,Q21A-Q294K,O2
sigma,0.21125389231390704,0.1330501416419078,0.4547611347083238,260.0,Q21A-Q294K,O2
lp__,7.354740409796669,2.7177740735736635,7.354740409796669,260.0,Q21A-Q294K,O2
ep_AI,0.30731413538881236,-1.0385485732238382,17.698220658961105,260.0,Q21A-Q294V,O2
sigma,0.10028972340816646,0.0572474773544304,0.32742952544440007,260.0,Q21A-Q294V,O2
lp__,7.218168761876893,2.7919231702649947,7.218168761876893,260.0,Q21A-Q294V,O2
ep_AI,0.8096927809197106,-3.4149199838156257,19.01013827865524,260.0,Q21M-F164T,O2
sigma,0.11653280971724764,0.05979328552881173,0.24537882665893088,260.0,Q21M-F164T,O2
lp__,8.227642446627076,5.193580670375073,8.227642446627076,260.0,Q21M-F164T,O2
ep_AI,-3.206222445417772,-4.441816771858749,17.210104774567014,260.0,Q21M-Q294K,O2
sigma,0.11351877408090923,0.06690645083927024,0.28514395754532257,260.0,Q21M-Q294K,O2
lp__,8.406997847824272,4.651685766618764,8.406997847824272,260.0,Q21M-Q294K,O2
ep_AI,0.3384444096745529,-3.3938038156251387,19.77759063953907,260.0,Q21M-Q294V,O2
sigma,0.11516384548884114,0.05933376036449037,0.2451469228989211,260.0,Q21M-Q294V,O2
lp__,8.285405397138746,5.249664193458353,8.285405397138746,260.0,Q21M-Q294V,O2
ep_AI,0.08915771401498551,-2.0452362079051962,18.750086869285653,260.0,Y20I-F164T,O2
sigma,0.13934891096857746,0.08153955994207635,0.4623505104945237,260.0,Y20I-F164T,O2
lp__,5.858340628579395,1.2501934896850617,5.858340628579395,260.0,Y20I-F164T,O2
ep_AI,-5.041346102779181,-25.5837454057342,3.1338134285968575,260.0,Y20I-Q294K,O2
sigma,0.22533574438651854,0.08900532064145097,0.9073516432882643,260.0,Y20I-Q294K,O2
lp__,1.7922647342654778,-1.7720172190855434,1.7922647342654778,260.0,Y20I-Q294K,O2
ep_AI,2.7484386934292573,0.029084516521333037,20.843593907116617,260.0,Y20I-Q294V,O2
sigma,0.14300189818654696,0.07438617582987204,0.34039047372520514,260.0,Y20I-Q294V,O2
lp__,5.744075867063811,2.565075774257396,5.744031345222936,260.0,Y20I-Q294V,O2
