parameter,mode,hpd_min,hpd_max,repressors,mutant,operator
ep_AI,-2.5516641120719443,-3.057003316464996,-2.1494443800025422,260.0,Q21A-F164T,O2
sigma,0.2477398073013003,0.2073023908067604,0.2992176255866813,260.0,Q21A-F164T,O2
lp__,52.76129690391724,49.60808127826083,52.76129690391724,260.0,Q21A-F164T,O2
ep_AI,-3.353469940119855,-3.649598245335659,-3.102560923766352,260.0,Q21A-Q294K,O2
sigma,0.12224151868660871,0.10603496324193679,0.14149574880487578,260.0,Q21A-Q294K,O2
lp__,151.96922842937062,148.86463634506748,151.96922842937062,260.0,Q21A-Q294K,O2
ep_AI,-1.5322612503826956,-1.8453780088591385,-1.1865534412943521,260.0,Q21A-Q294V,O2
sigma,0.24970986546791105,0.20923049731773896,0.30152021828342784,260.0,Q21A-Q294V,O2
lp__,52.26086379233242,49.30304964683747,52.26086379233242,260.0,Q21A-Q294V,O2
ep_AI,-4.858836271750995,-5.177628714782567,-4.488599877990465,260.0,Q21M-F164T,O2
sigma,0.30189359046266995,0.2574177444540089,0.3592183939294229,260.0,Q21M-F164T,O2
lp__,49.301562908650205,46.26806138095944,49.30122478455139,260.0,Q21M-F164T,O2
ep_AI,-4.220893980334677,-4.456147503221031,-3.936980513820826,260.0,Q21M-Q294K,O2
sigma,0.1687194984761639,0.14435382838594338,0.20259714691213968,260.0,Q21M-Q294K,O2
lp__,90.85615127629436,87.80873363489427,90.85588715967373,260.0,Q21M-Q294K,O2
ep_AI,-3.765540185803803,-4.159431417100562,-3.200216957026142,260.0,Q21M-Q294V,O2
sigma,0.19653523631697925,0.16839648017308162,0.2355219100084936,260.0,Q21M-Q294V,O2
lp__,79.79680650355866,76.51261509125845,79.79680650355866,260.0,Q21M-Q294V,O2
ep_AI,-2.7831211504137117,-15.818115682043405,-1.8949640967517476,260.0,Y20I-F164T,O2
sigma,0.20074080262862232,0.17234512925924625,0.24742848416947882,260.0,Y20I-F164T,O2
lp__,65.23750085383563,60.126449953505166,65.23672287797945,260.0,Y20I-F164T,O2
ep_AI,-3.966840300537092,-20.127073472940918,-2.8283974878008644,260.0,Y20I-Q294K,O2
sigma,0.10803394440482088,0.08768930572574939,0.1404635538974417,260.0,Y20I-Q294K,O2
lp__,60.28600118181207,56.66380599456231,60.28547944684992,260.0,Y20I-Q294K,O2
ep_AI,-1.2075251295999494,-1.7471891690783963,-0.7182682042381032,260.0,Y20I-Q294V,O2
sigma,0.24937052974350218,0.20979038997840688,0.3063477541522995,260.0,Y20I-Q294V,O2
lp__,52.46698904234973,49.28071691307886,52.46698904234973,260.0,Y20I-Q294V,O2
