parameter,mode,hpd_min,hpd_max,repressors,mutant,operator
ep_AI,-2.265458738531707,-3.13809262468567,-1.643231843584393,260.0,Q21A-F164T,O2
sigma,0.2811315710295789,0.22192975560132103,0.38783463694083853,260.0,Q21A-F164T,O2
lp__,19.853611770388028,16.47946273043309,19.853611770388028,260.0,Q21A-F164T,O2
ep_AI,-3.482161658279438,-5.092439603735922,-2.77999949425228,260.0,Q21A-Q294K,O2
sigma,0.1381170985162572,0.10735459591741825,0.19356986532870502,260.0,Q21A-Q294K,O2
lp__,38.37194652488009,33.769032536408936,38.37194652488009,260.0,Q21A-Q294K,O2
ep_AI,-1.4347994819896681,-1.9789899922390526,-0.8583393567988301,260.0,Q21A-Q294V,O2
sigma,0.26077824636668046,0.20082613406259545,0.3549437397833281,260.0,Q21A-Q294V,O2
lp__,21.827596109344256,18.680295174255384,21.827596109344256,260.0,Q21A-Q294V,O2
ep_AI,0.7731120708318724,-3.3838002594989662,19.159316787172926,260.0,Q21M-F164T,O2
sigma,0.11668804033982673,0.0635802328392274,0.25224742726930555,260.0,Q21M-F164T,O2
lp__,8.2276796764159,5.237775601228826,8.2276796764159,260.0,Q21M-F164T,O2
ep_AI,-3.2001599554732465,-4.373339050606866,17.3600462784136,260.0,Q21M-Q294K,O2
sigma,0.11259850733954549,0.07128384863897004,0.2815843708974061,260.0,Q21M-Q294K,O2
lp__,8.4080606931171,4.690891306792832,8.4080606931171,260.0,Q21M-Q294K,O2
ep_AI,0.4115131259242645,-3.5306440715722314,18.70783631791475,260.0,Q21M-Q294V,O2
sigma,0.11476347202414319,0.061637534269352354,0.2439775658599136,260.0,Q21M-Q294V,O2
lp__,8.285275619758185,5.351975896139445,8.285275619758185,260.0,Q21M-Q294V,O2
ep_AI,-2.8812399969904754,-19.716120582710012,-1.4708835439393282,260.0,Y20I-F164T,O2
sigma,0.265738859014311,0.2072852753142685,0.3577805305588176,260.0,Y20I-F164T,O2
lp__,21.208856751514784,17.67386300311048,21.208856751514784,260.0,Y20I-F164T,O2
ep_AI,-1.4498697533110463,-5.837819163099709,0.10351819252233295,260.0,Y20I-Q294V,O2
sigma,0.2902417036602705,0.22741324414160238,0.40044190038762684,260.0,Y20I-Q294V,O2
lp__,19.129357193920765,14.100581768986972,19.129357193920765,260.0,Y20I-Q294V,O2
