parameter,mode,hpd_min,hpd_max,repressors,mutant,operator
ep_AI,-2.55329915856959,-3.0086696889403526,-2.13425237345469,260.0,Q21A-F164T,O2
sigma,0.247745370510039,0.209502947425251,0.3009617820514324,260.0,Q21A-F164T,O2
lp__,52.76136193059605,49.66726724517572,52.76136193059605,260.0,Q21A-F164T,O2
ep_AI,-3.3514621198244576,-3.66262647326182,-3.1180217030702315,260.0,Q21A-Q294K,O2
sigma,0.12235337307150518,0.10640452101389557,0.14208570749415456,260.0,Q21A-Q294K,O2
lp__,151.969338956515,148.80700102406394,151.969338956515,260.0,Q21A-Q294K,O2
ep_AI,-1.5294228464661717,-1.8776452565878954,-1.203342583065718,260.0,Q21A-Q294V,O2
sigma,0.24990133765891695,0.21071954067204238,0.3058080411127262,260.0,Q21A-Q294V,O2
lp__,52.260879739294765,49.09271375237124,52.260879739294765,260.0,Q21A-Q294V,O2
ep_AI,-4.856458205011268,-5.17521075488627,-4.4669918119738865,260.0,Q21M-F164T,O2
sigma,0.30222862270756956,0.25750289102757534,0.35857162785141183,260.0,Q21M-F164T,O2
lp__,49.301526487838046,46.285151833301434,49.301526487838046,260.0,Q21M-F164T,O2
ep_AI,-4.223548491585157,-4.467888059884393,-3.9247532660491022,260.0,Q21M-Q294K,O2
sigma,0.16897042567658951,0.14447195062384455,0.20164456349497165,260.0,Q21M-Q294K,O2
lp__,90.85589057112213,87.82933205829053,90.85589057112213,260.0,Q21M-Q294K,O2
ep_AI,-3.767892605623707,-4.168955044877695,-3.2138023812437178,260.0,Q21M-Q294V,O2
sigma,0.19691753521055366,0.16890417260934817,0.23537078228375435,260.0,Q21M-Q294V,O2
lp__,79.79705016079829,76.52883429254959,79.79705016079829,260.0,Q21M-Q294V,O2
ep_AI,-2.791345152437067,-15.42342211533129,-1.8115505238683955,260.0,Y20I-F164T,O2
sigma,0.20066864448266836,0.1702550960618753,0.2454548918955598,260.0,Y20I-F164T,O2
lp__,65.2373201449355,60.21903790745726,65.2373201449355,260.0,Y20I-F164T,O2
ep_AI,-3.987387133967819,-19.918612566895504,-2.8675234803458203,260.0,Y20I-Q294K,O2
sigma,0.10824817884642524,0.08714046257184234,0.13964701289005652,260.0,Y20I-Q294K,O2
lp__,60.285793007310836,56.751865328348366,60.285793007310836,260.0,Y20I-Q294K,O2
ep_AI,-1.2289146681125975,-1.7618774954595897,-0.7337516032676152,260.0,Y20I-Q294V,O2
sigma,0.24901725405206668,0.20854464076528767,0.3044026335004661,260.0,Y20I-Q294V,O2
lp__,52.46706436598526,49.20589502176473,52.46676782345098,260.0,Y20I-Q294V,O2
