parameter,mode,hpd_min,hpd_max,repressors,mutant,operator
ep_int,-6.750848918181472,-7.556394015173854,-6.113084048593267,260.0,Q21A-F164T,O2
sigma,0.2813008586002563,0.21785867988260124,0.3824163782291761,260.0,Q21A-F164T,O2
lp__,19.650491386837896,16.389754136546394,19.650491386837896,260.0,Q21A-F164T,O2
ep_int,-0.28434441664817706,-3.3978531777717103,0.5526722996302917,260.0,Q21A-Q294K,O2
sigma,0.1379635609102086,0.10517281811231358,0.19291545031879007,260.0,Q21A-Q294K,O2
lp__,38.43207309145729,32.73828642956863,38.43207309145729,260.0,Q21A-Q294K,O2
ep_int,-5.930817200769567,-6.468810998020799,-5.349175118443775,260.0,Q21A-Q294V,O2
sigma,0.26171784363779327,0.20213473884587205,0.35565065779410393,260.0,Q21A-Q294V,O2
lp__,21.66204953795744,18.519633063722708,21.66204953795744,260.0,Q21A-Q294V,O2
ep_int,0.026636245606976944,-7.654327587185845,17.967768074740317,260.0,Q21M-F164T,O2
sigma,0.11595964917938235,0.06408296779435818,0.24996125322776386,260.0,Q21M-F164T,O2
lp__,8.236830880260861,5.401008746436156,8.236674127395869,260.0,Q21M-F164T,O2
ep_int,-0.040367517457368995,-1.2603111886663956,18.623722189873398,260.0,Q21M-Q294K,O2
sigma,0.11118843861874618,0.06596358504424042,0.2850426362158951,260.0,Q21M-Q294K,O2
lp__,8.460522171474755,4.400352292218923,8.460522171474755,260.0,Q21M-Q294K,O2
ep_int,0.028344890765819197,-7.642706935590553,17.703008511699228,260.0,Q21M-Q294V,O2
sigma,0.1154748963449271,0.06097253363240875,0.24529035158593418,260.0,Q21M-Q294V,O2
lp__,8.288470643325665,5.4886850574492545,8.288470643325665,260.0,Q21M-Q294V,O2
ep_int,-7.3546944700330075,-21.891617734350337,-6.001794073487444,260.0,Y20I-F164T,O2
sigma,0.26578548694201154,0.20853160622590228,0.3583369066393417,260.0,Y20I-F164T,O2
lp__,20.9789133208952,17.278392439378184,20.9789133208952,260.0,Y20I-F164T,O2
ep_int,-5.952850291066426,-7.926059088307551,-4.7977024884126855,260.0,Y20I-Q294V,O2
sigma,0.2901625309668804,0.22448270503666365,0.39445317842324745,260.0,Y20I-Q294V,O2
lp__,18.96282441520075,14.753654390854772,18.96282441520075,260.0,Y20I-Q294V,O2
