,parameter,mode,hpd_min,hpd_max,mutant,repressors
0,ep_RA.Q21M.260,-15.466492788520332,-15.573295111737522,-15.368038139380072,Q21M,260.0
1,ep_RA.Q21M.124,-15.544281481196455,-15.645395953399582,-15.422695966595223,Q21M,124.0
2,ep_RA.Q21M.1220,-15.21686811416855,-15.2810397314694,-15.13909002952611,Q21M,1220.0
3,ep_RA.Q21M.60,-15.79100333517322,-15.856015378180885,-15.688891222769385,Q21M,60.0
4,ep_RA.Q21A.260,-11.181866721403436,-11.26583400160348,-10.922762475519985,Q21A,260.0
5,ep_RA.Q21A.124,-10.259621153855,-10.359912824731985,-10.05007371421741,Q21A,124.0
6,ep_RA.Q21A.1220,-11.184875213120682,-11.310202028497535,-11.030723205606538,Q21A,1220.0
7,ep_RA.Q21A.60,-9.826957781582038,-10.09158363645769,-9.658015383523178,Q21A,60.0
8,ep_RA.Y20I.260,-9.905306761344967,-10.06943831252112,-9.68504965253014,Y20I,260.0
9,ep_RA.Y20I.124,-9.378932702447658,-9.594272089237622,-9.164151401513754,Y20I,124.0
10,ep_RA.Y20I.1220,-10.095532243104,-10.393527479241161,-9.898624828975308,Y20I,1220.0
11,ep_RA.Y20I.60,-9.804745118763131,-9.945949910787373,-9.58534677896783,Y20I,60.0
