,parameter,mode,hpd_min,hpd_max,mutant,repressors
0,ep_RA.Q21M.260,-15.488550483553194,-15.574423852575137,-15.367854187421983,Q21M,260.0
1,ep_RA.Q21M.124,-15.537666025804048,-15.64588624970985,-15.425479340361282,Q21M,124.0
2,ep_RA.Q21M.1220,-15.186628422901572,-15.279409323079571,-15.137206804259169,Q21M,1220.0
3,ep_RA.Q21M.60,-15.760703297664785,-15.86148902030767,-15.693917905191123,Q21M,60.0
4,ep_RA.Q21A.260,-11.019845608817544,-11.278801026535819,-10.933234633539747,Q21A,260.0
5,ep_RA.Q21A.124,-10.232659830509155,-10.35258251666801,-10.054488123644138,Q21A,124.0
6,ep_RA.Q21A.1220,-11.143168921442932,-11.312382844879913,-11.02936037951485,Q21A,1220.0
7,ep_RA.Q21A.60,-9.870137895326746,-10.110875158334993,-9.666509777852976,Q21A,60.0
8,ep_RA.Y20I.260,-9.88409925226317,-10.071951656506469,-9.686292388989317,Y20I,260.0
9,ep_RA.Y20I.124,-9.255616535193093,-9.60430893901842,-9.150611698972206,Y20I,124.0
10,ep_RA.Y20I.1220,-10.181495643886281,-10.396444757811892,-9.90287568962478,Y20I,1220.0
11,ep_RA.Y20I.60,-9.789380431012255,-9.955541152823447,-9.592531707554821,Y20I,60.0
