,parameter,mode,hpd_min,hpd_max,mutant,repressors
0,ep_RA.Q21M.260,-15.501664115122077,-15.578618395573084,-15.372558313674475,Q21M,260
1,ep_RA.Q21M.124,-15.531586635302801,-15.651102857525878,-15.424138472979163,Q21M,124
2,ep_RA.Q21M.1220,-15.185670581318252,-15.278023115047604,-15.138230813287786,Q21M,1220
3,ep_RA.Q21M.60,-15.745912957026231,-15.855887001977496,-15.689130496020546,Q21M,60
4,ep_RA.Q21A.260,-11.040522691851573,-11.268297454618416,-10.932727846720221,Q21A,260
5,ep_RA.Q21A.124,-10.234629754866736,-10.358554939078534,-10.056647694992044,Q21A,124
6,ep_RA.Q21A.1220,-11.145670971459362,-11.309573641409129,-11.027030445274777,Q21A,1220
7,ep_RA.Q21A.60,-9.932669567301708,-10.100712605614346,-9.650379022692597,Q21A,60
8,ep_RA.Y20I.260,-9.913091660906062,-10.062716781559912,-9.681358708543714,Y20I,260
9,ep_RA.Y20I.124,-9.470503477689892,-9.604407987880185,-9.158507379969496,Y20I,124
10,ep_RA.Y20I.1220,-10.17392796532641,-10.40071509368628,-9.906861820727467,Y20I,1220
11,ep_RA.Y20I.60,-9.7817990987891,-9.944910583080258,-9.591425235368073,Y20I,60
