,parameter,mode,hpd_min,hpd_max,mutant,repressors
0,ep_RA.Q21M.260,-15.49604201495155,-15.579207979301506,-15.372508753615435,Q21M,260.0
1,ep_RA.Q21M.124,-15.522067740300558,-15.643447615659612,-15.415521845366214,Q21M,124.0
2,ep_RA.Q21M.1220,-15.224884074139533,-15.276307631359229,-15.139190276468327,Q21M,1220.0
3,ep_RA.Q21M.60,-15.739344067748176,-15.857625003107845,-15.689768282721252,Q21M,60.0
4,ep_RA.Q21A.260,-11.098496658712344,-11.266975792982155,-10.932309572240603,Q21A,260.0
5,ep_RA.Q21A.124,-10.23728774521087,-10.362167752643378,-10.050971344937137,Q21A,124.0
6,ep_RA.Q21A.1220,-11.200594053378921,-11.308634169979685,-11.03111699223684,Q21A,1220.0
7,ep_RA.Q21A.60,-9.940034259436342,-10.095747969627551,-9.651962597200363,Q21A,60.0
8,ep_RA.Y20I.260,-9.84854487186491,-10.068542966411073,-9.691278847410294,Y20I,260.0
9,ep_RA.Y20I.124,-9.498519954588774,-9.611639584495721,-9.158471660113195,Y20I,124.0
10,ep_RA.Y20I.1220,-10.1111178423991,-10.397460889228055,-9.902267479451737,Y20I,1220.0
11,ep_RA.Y20I.60,-9.852806669827348,-9.95022403108522,-9.596934782835605,Y20I,60.0
