,parameter,mode,hpd_min,hpd_max,mutant,repressors
0,ep_RA.Q21M.260,-15.419883338347429,-15.572655849862295,-15.370885292021056,Q21M,260.0
1,ep_RA.Q21M.124,-15.514916787705719,-15.645094628513254,-15.426025574295311,Q21M,124.0
2,ep_RA.Q21M.1220,-15.202143080906207,-15.279940737439066,-15.136225179033971,Q21M,1220.0
3,ep_RA.Q21M.60,-15.806305473735694,-15.855947767427821,-15.688418027276356,Q21M,60.0
4,ep_RA.Q21A.260,-11.159029987661052,-11.274825184094492,-10.920874657848271,Q21A,260.0
5,ep_RA.Q21A.124,-10.231711873878526,-10.350592105039683,-10.04915928366735,Q21A,124.0
6,ep_RA.Q21A.1220,-11.192025067517186,-11.3183932004735,-11.034170501554364,Q21A,1220.0
7,ep_RA.Q21A.60,-9.902891822223252,-10.103212097869523,-9.648631208020383,Q21A,60.0
8,ep_RA.Y20I.260,-9.914058666780948,-10.066694474014682,-9.684046265496997,Y20I,260.0
9,ep_RA.Y20I.124,-9.389128471079074,-9.60244666361553,-9.14542655272844,Y20I,124.0
10,ep_RA.Y20I.1220,-10.102966626214974,-10.405608180218653,-9.911428944403262,Y20I,1220.0
11,ep_RA.Y20I.60,-9.798674265298972,-9.949956190271235,-9.597068188731553,Y20I,60.0
