parameter,mode,hpd_min,hpd_max
ep_RA.Q21M.260,-15.465759023226363,-15.574445355365802,-15.369249292483735
ep_RA.Q21M.124,-15.57926211466483,-15.644970622858693,-15.422650267443155
ep_RA.Q21M.1220,-15.190173389435033,-15.280441422349309,-15.139454747136847
ep_RA.Q21M.60,-15.745740114813385,-15.858583083517745,-15.687883116946466
ep_RA.Q21A.260,-11.071767007724175,-11.270183910791735,-10.923501667711813
ep_RA.Q21A.124,-10.1778984006916,-10.360535179361923,-10.05746034276882
ep_RA.Q21A.1220,-11.185408310785917,-11.309903649666822,-11.031253722423623
ep_RA.Q21A.60,-9.929635798009759,-10.11810062968083,-9.665463410908462
ep_RA.Y20I.260,-9.936781896521662,-10.064379778107536,-9.693959384809974
ep_RA.Y20I.124,-9.363866882412132,-9.607890483046646,-9.161902003030837
ep_RA.Y20I.1220,-10.148899613674883,-10.4055291198354,-9.912349611650075
ep_RA.Y20I.60,-9.713843617298817,-9.948872962488933,-9.594556400100306
sigma.1,0.07442038893659923,0.0654040640593908,0.08846601196424858
sigma.2,0.06981953913762987,0.06328573766706502,0.08738801004001123
sigma.3,0.03771881871761881,0.032896714498365766,0.045663215978757804
sigma.4,0.053704994576438264,0.045884471871976897,0.06351248329074251
sigma.5,0.08692995874121293,0.07969406077049147,0.10880290323024303
sigma.6,0.07601320758411959,0.062317692653705355,0.08727134036704111
sigma.7,0.06240848232075575,0.05484599694665745,0.07686100128036255
sigma.8,0.07384483901699262,0.058055908988166746,0.08052165643988145
sigma.9,0.12123657509540922,0.09437071777309201,0.13111539714636422
sigma.10,0.08226088693362332,0.06729202078366062,0.09426106673393575
sigma.11,0.11580253238897263,0.09768888799568014,0.13702083181619368
sigma.12,0.04618467237716334,0.04019985932552363,0.05647402494317661
