parameter,mode,hpd_min,hpd_max
ep_RA.Q21M.260,-15.503134288382386,-15.575485549978163,-15.365661190815155
ep_RA.Q21M.124,-15.527689417094235,-15.645213906454618,-15.420872538224886
ep_RA.Q21M.1220,-15.204836017701304,-15.281233026118391,-15.140084167062279
ep_RA.Q21M.60,-15.752614978104495,-15.857324838812707,-15.691254875692943
ep_RA.Q21A.260,-11.110328723052719,-11.270370619319483,-10.931510035640642
ep_RA.Q21A.124,-10.282720259874651,-10.357208170336648,-10.054319273747467
ep_RA.Q21A.1220,-11.214893708567125,-11.31401636292714,-11.033441832349318
ep_RA.Q21A.60,-9.777346147394548,-10.107615779743472,-9.663604537212008
ep_RA.Y20I.260,-9.79495755819489,-10.0675122989969,-9.70205947579285
ep_RA.Y20I.124,-9.37245609938331,-9.60616308704627,-9.167891795409567
ep_RA.Y20I.1220,-10.27022647699301,-10.41289075817062,-9.90882147035074
ep_RA.Y20I.60,-9.789324387674727,-9.954490431428239,-9.597787255562041
sigma.1,0.07560014318933243,0.06601850002976666,0.08862162359338878
sigma.2,0.07253490898523443,0.06349362509204512,0.0876038138623001
sigma.3,0.03870352636038906,0.03301808093916726,0.04588765721319554
sigma.4,0.05155178160854251,0.045861680714224896,0.06370737900789988
sigma.5,0.08946345437271026,0.07906576274407119,0.10892641177284354
sigma.6,0.07436098764441204,0.06309874728367158,0.08804462606267066
sigma.7,0.06554097415323938,0.05470659348788349,0.0766476474921484
sigma.8,0.06922048312662286,0.05796198159758832,0.08065160224104262
sigma.9,0.11803567141104772,0.0957040138498526,0.1325587705162368
sigma.10,0.0780893041757203,0.06731712739859744,0.09470702230412757
sigma.11,0.11254770887209214,0.09755673890119908,0.1365446306358227
sigma.12,0.04636300115474108,0.040165633590441625,0.05675234264952094
