parameter,mode,hpd_min,hpd_max
Ka.Q294V,1074.615295947595,350.1047954374126,5281.734092791495
Ka.F164T,261.13236793892213,98.33940096951488,8601.690750181891
Ka.Q294R,3820.696050179613,2550.450921192378,9999.614941656702
Ka.Q294K,3518.753252118149,970.5213004545543,8919.104909635744
Ki.Q294V,51.5181339909665,1.1696824356122182,109.7063863869574
Ki.F164T,11.468445060011101,1.0994009168041607,24.385033305694968
Ki.Q294R,3222.6116643435,1654.1528892974911,8267.681986396767
Ki.Q294K,580.1516128023665,270.4460552641408,785.9789720121413
ep_AI.Q294V,-0.29731762469571155,-1.507235511554786,2.387712247614331
ep_AI.F164T,-0.8394848358497197,-1.9026550117804106,1.412829528892414
ep_AI.Q294R,-2.4719773206149602,-2.5015881809781226,-2.4045229018989285
ep_AI.Q294K,-3.260522240228841,-3.359841072957395,-3.0185556844238413
sigma.Q294V,0.10366076260455752,0.09022139818277013,0.13070032615309984
sigma.F164T,0.11078746673647896,0.09475964193360899,0.13936995166432975
sigma.Q294R,0.0217358926533228,0.01789710809198064,0.026050961338079923
sigma.Q294K,0.08519812537178724,0.068250706363838,0.10397091627450031
ep_a.1,6.979718012278282,6.192175481497045,8.648686223677293
ep_a.2,5.565027435616229,5.136950007852475,9.209264647634564
ep_a.3,8.248187897090919,7.844025454359713,9.210301865400485
ep_a.4,8.16586201611298,7.2224094474491025,9.208853996821123
ep_i.1,3.941933862020731,2.2810175072795214,4.980114006085259
ep_i.2,2.439599356128482,1.089547906707318,3.4040123106829308
ep_i.3,8.07794738567723,7.644807152442515,9.109888353886868
ep_i.4,6.3632894707644665,5.684017427627193,6.72156884609027
