parameter,mode,hpd_min,hpd_max
Ka.Q294V,654.2023254366997,339.2707060432032,1514.0545783469772
Ka.F164T,199.20958325717663,75.84320054749128,1128.7121273544315
Ka.Q294K,82.85896559209638,40.766513119465664,175.45926841875226
Ka.Q294R,0.015580077451504692,0.0027702994725986585,0.047578966611561135
Ki.Q294V,3.4371405127903154,2.4183498151603144,4.6750783126764395
Ki.F164T,0.6116232134439903,0.4560546074477978,0.8168829910931708
Ki.Q294K,0.6725125283518762,0.4068318317235198,1.1098268773895859
Ki.Q294R,0.00046816562793150496,7.21373971668271e-05,0.001401701148484591
sigma.Q294V,0.10766972690327674,0.0890360037242643,0.12980671644934322
sigma.F164T,0.10684426437753507,0.0938733181269439,0.13707514733618642
sigma.Q294K,0.1860913564149299,0.16560745192771872,0.21039654725173862
sigma.Q294R,0.04361162215303657,0.03868193916220816,0.05596356961090749
ep_a.1,6.483416669724532,5.935813513177725,7.38063953971709
ep_a.2,5.294357452714077,4.504861570920304,7.131944567278108
ep_a.3,4.417139952768489,3.927692914760753,5.286601015238917
ep_a.4,-4.161762267338497,-5.191694562468768,-2.821851324460543
ep_i.1,1.2346398794266564,0.936815402470749,1.579273160935667
ep_i.2,-0.49163885037610955,-0.7563346869563274,-0.17769581967754092
ep_i.3,-0.39673453816015164,-0.8099121538826296,0.14623753791494024
ep_i.4,-7.6666884188199775,-8.747617733110257,-6.386464925398676
