parameter,mode,hpd_min,hpd_max
Ka.Q294R,4694.0594548249055,2371.1449754318614,9999.249707639174
Ka.Q294K,1379.4236665687931,847.9446779996524,1875.3037373271663
Ki.Q294R,3242.930309628391,1076.1161174485756,8336.211379294335
Ki.Q294K,413.95756742960145,278.29474691144276,549.4529970502759
ep_AI.Q294R,-2.0590385113834997,-2.200840026635551,-1.903815914156597
ep_AI.Q294K,-3.3775710303631503,-3.4865487537827295,-3.245555340779887
sigma.Q294R,0.016384725801588382,0.01386017126077977,0.01943453080656945
sigma.Q294K,0.045179351761009914,0.040231993529636065,0.05219971763726783
ep_a.1,8.45405304246303,7.771128229464714,9.210265339925266
ep_a.2,7.229421057997169,6.780739620743631,7.559329011030603
ep_i.1,8.084232616600126,7.509465403902106,9.191164151893576
ep_i.2,6.025763474441034,5.634306540359275,6.313939512576722
