parameter,mode,hpd_min,hpd_max
Ka.Q294V,646.8062542293029,346.53175468271127,1496.4247553502962
Ka.F164T,158.09459764371425,78.38305870289442,1346.6075236493318
Ka.Q294R,0.021663580855868503,0.002278043500503202,0.046645082154017636
Ka.Q294K,74.11279249031621,8.804484593839534,199.24747298533273
Ki.Q294V,3.326148741595869,2.4730284944501912,4.669032905793569
Ki.F164T,0.5734214371599933,0.4631663832543875,0.8251806287445929
Ki.Q294R,0.0006455772560975959,7.639344268284276e-05,0.0013932947479089464
Ki.Q294K,0.7117976963755268,0.12091086978582855,1.343535139881613
sigma.Q294V,0.11022794423798785,0.08916480393320435,0.13096180051555714
sigma.F164T,0.10864587763608459,0.09452427777415527,0.13755302522627538
sigma.Q294R,0.046646024705285886,0.038807447877816266,0.05663527448313823
sigma.Q294K,0.1855834924264429,0.1572667500803933,0.24206104718096877
ep_a.1,6.472046797151105,5.934218014688654,7.352503818446193
ep_a.2,5.0631935731301105,4.481040811020342,7.282409816061658
ep_a.3,-3.8321227299344294,-5.224600419920428,-2.8660154109200238
ep_a.4,4.305588155597683,2.900953226201741,5.573016341633136
ep_i.1,1.201815100635451,0.927414216963912,1.5555838405103652
ep_i.2,-0.5561343401835862,-0.7484612753654385,-0.17628173852227064
ep_i.3,-7.345365670722037,-8.70028123285529,-6.352668212389527
ep_i.4,-0.3399615422479959,-1.56240639692958,0.48195175095444276
