parameter,mode,hpd_min,hpd_max
Ka.Q294V,711.9727196972215,330.1942811940656,1513.5906583002472
Ka.F164T,185.7544667465577,67.42598958961065,1339.2236778611966
Ka.Q294R,0.020498271162683324,0.0023084888800539716,0.04774263306750459
Ka.Q294K,82.65950008617462,6.0480053868045,194.5693166719975
Ki.Q294V,3.4545644097661032,2.503930873968274,4.738003813878899
Ki.F164T,0.5846689957195172,0.45355294662263734,0.8181630941350715
Ki.Q294R,0.0006088485149380318,6.901509919110538e-05,0.001419300948990454
Ki.Q294K,0.7246665673948938,0.1426212581728814,1.3656393605759876
sigma.Q294V,0.11268602177239563,0.08961357782763524,0.13026196021066383
sigma.F164T,0.10852577748722148,0.09408112507060555,0.13713656132135305
sigma.Q294R,0.04395912610791243,0.038436912977748885,0.05618964722664308
sigma.Q294K,0.20156347156966248,0.15788788462294678,0.2401575219825254
ep_a.1,6.568039595645944,5.95042745084588,7.41001399723615
ep_a.2,5.224425730396536,4.4375281242185265,7.258675948529496
ep_a.3,-3.887414729921689,-5.3297235421152775,-2.878118227378108
ep_a.4,4.414729761232908,2.886495888072481,5.488356922870122
ep_i.1,1.2396963739505178,0.9282400905845882,1.561160635299345
ep_i.2,-0.5367094111692957,-0.7456779994724801,-0.1673181624201783
ep_i.3,-7.403941065140402,-8.814678405162336,-6.371874034842582
ep_i.4,-0.3220436369586684,-1.5074182709316066,0.4879351544784454
