,hpd_max,hpd_min,mutant
0,-2.362616301653487,-3.9552874302365666,Y20I-Q294K
1,-1.9776725429544832,-9.270716582971783,Y20I-F164T
2,-5.794208962936952,-9.647162926714842,Y20I-Q294V
3,-1.1613865004383648,-2.735208774032998,Q21A-Q294K
4,-0.7967563372305566,-8.090342377145863,Q21A-F164T
5,-4.560506214531846,-8.40647821947649,Q21A-Q294V
6,3.2262390570491712,1.6611577637468606,Q21M-Q294K
7,3.5773926519889416,-3.6733409546171005,Q21M-F164T
8,-0.20574153656935845,-4.039201237917542,Q21M-Q294V
