,hpd_max,hpd_min,mutant
0,-4.429239136748457,-8.421110536010616,Q21A-Q294V
1,-0.7887630658645861,-8.066524265579712,Q21A-F164T
2,-0.3912872989656062,-2.5409197757305906,Q21A-Q294K
3,-5.646768905308657,-9.603339634415446,Y20I-Q294V
4,-2.0232889645342187,-9.293293272563643,Y20I-F164T
5,-1.6086412476613212,-3.755614193755651,Y20I-Q294K
6,-0.08935645114960966,-4.053825589891399,Q21M-Q294V
7,3.612786485046967,-3.652846710761963,Q21M-F164T
8,3.957660543820409,1.8311423389702357,Q21M-Q294K
