parameter,mode,hpd_min,hpd_max
ep_RA.Q21M,-15.521597878094815,-15.573334800820074,-15.467118811123456
ep_RA.Q21A,-10.641043233861872,-10.730106074950443,-10.546407653128123
ep_RA.Y20I,-9.839427582959773,-9.938363854737968,-9.739906490873166
sigma.Q21M,0.06725930809635841,0.06312353073536361,0.07368806484011754
sigma.Q21A,0.09539759781857779,0.08808665922628874,0.10350235469161088
sigma.Y20I,0.09622100060744677,0.08957189364819482,0.10536607112513532
