parameter,mode,hpd_min,hpd_max
ep_RA.Q21M,-15.519336331766057,-15.57591335445772,-15.466322433269372
ep_RA.Q21A,-10.652819748236482,-10.733829886573,-10.551286899348097
ep_RA.Y20I,-9.832506159565588,-9.94442316108628,-9.740770473462842
sigma.Q21M,0.0686180384455215,0.06291134203472006,0.07360287514287664
sigma.Q21A,0.09429696558722207,0.08830467080073755,0.10348962343639996
sigma.Y20I,0.09540523626015042,0.08902930070183471,0.10496883502759001
