parameter,mode,hpd_min,hpd_max
Ka.Q294V,856.9895675227241,329.1528284746259,1506.5429801642345
Ka.F164T,160.71561365679,72.55431808653623,1318.6462362037244
Ka.Q294K,100.00579289521583,41.64443831399911,179.00360706818608
Ka.Q294R,0.02083105196393209,0.002635527395766779,0.04555070266976102
Ki.Q294V,3.771857686614144,2.4728011919333825,4.728189253694337
Ki.F164T,0.5559052369163986,0.46169803009810106,0.8207133176646453
Ki.Q294K,0.7522656999725541,0.42303777086194483,1.131809604224543
Ki.Q294R,0.0006215835995915242,8.00763633179713e-05,0.001358628269332307
