parameter,mode,hpd_min,hpd_max,repressors,mutant,operator
Ka,168.7346425438846,68.44869815244236,2963.16690794615,260.0,F164T,O2
Ki,0.5795678791664649,0.46352606313304623,0.8459393564241857,260.0,F164T,O2
sigma,0.11010807168533288,0.09619998257495126,0.13962033682189767,260.0,F164T,O2
lp__,104.75131817191809,99.26023775826222,104.75131817191809,260.0,F164T,O2
Ka,56.95247000394976,22.989528629145383,99.11802658570446,260.0,Q294K,O1
Ki,0.5313640413107112,0.240746274927095,0.8564791879805966,260.0,Q294K,O1
sigma,0.07847398610743606,0.06765982559931757,0.09551643561362146,260.0,Q294K,O1
lp__,135.90185674513006,131.79686733593022,135.90185674513006,260.0,Q294K,O1
Ka,2434.8932477949506,141.32117246269004,4864.935857119058,260.0,Q294K,O3
Ki,0.001733111957280542,1.28242860775174e-06,0.003211859638807546,260.0,Q294K,O3
sigma,0.169297271603817,0.14589421620473705,0.19716570607047182,260.0,Q294K,O3
lp__,112.2451455328837,107.81551110716325,112.23195830047904,260.0,Q294K,O3
Ka,2.545513580430314,0.008242224168730772,6.298440191244148,260.0,Q294R,O1
Ki,0.08610487655269505,0.00029289611458427345,0.2079179660641195,260.0,Q294R,O1
sigma,0.019606477387947716,0.016092093497686765,0.023442048545735738,260.0,Q294R,O1
lp__,241.9595401848404,237.2194641077252,241.9595401848404,260.0,Q294R,O1
Ka,0.021296081429422742,0.0028964856874091893,0.04503198744398862,260.0,Q294R,O2
Ki,0.0006381813982825335,0.00010137507389096356,0.0013554352051858842,260.0,Q294R,O2
sigma,0.04593336946606112,0.03870900069398871,0.055829126669885674,260.0,Q294R,O2
lp__,141.03142239289085,137.0068432680788,141.02152096043574,260.0,Q294R,O2
Ka,2367.233333966294,1.779528194615354,4725.954258467912,260.0,Q294R,O3
Ki,0.0019804626988362273,1.7746415448272046e-06,0.0035432919381905847,260.0,Q294R,O3
sigma,0.15657933490625497,0.13531278176009104,0.17998129202999094,260.0,Q294R,O3
lp__,120.12927816626859,115.59248914475472,120.12927816626859,260.0,Q294R,O3
Ka,668.7538366133599,336.60482929979474,1668.3247005432167,260.0,Q294V,O2
Ki,3.3504873248862976,2.4176804639702842,4.812183375791923,260.0,Q294V,O2
sigma,0.10555050762824789,0.09027173596455344,0.1317035094157229,260.0,Q294V,O2
lp__,110.50754059606616,105.80238960433704,110.50754059606616,260.0,Q294V,O2
