parameter,mode,hpd_min,hpd_max
Ka.Q294V,586.8021856551081,328.23747667603817,1516.4647509012907
Ka.F164T,175.73065462619053,74.04051927745515,1727.4254800438805
Ka.Q294K,94.34321294970405,42.04899373811799,180.7296448550666
Ka.Q294R,0.023331695487849302,0.0020503748460187765,0.046584611370636964
Ki.Q294V,3.335153328521412,2.480137822196138,4.765255383266109
Ki.F164T,0.5920511341178658,0.4603554475596239,0.8346488061755641
Ki.Q294K,0.7390168539261888,0.4233703048989179,1.141534461333027
Ki.Q294R,0.0006966351911996682,6.573829591793867e-05,0.0013903627582578792
