parameter,mode,hpd_min,hpd_max
Ka.Q294V,933.4591999186504,417.08878949562546,5499.695157350107
Ka.F164T,276.3329549421911,126.64277087991671,8493.962347809087
Ka.Q294K,3144.1739046443117,1500.3309806523623,7503.837096890601
Ka.Q294R,5854.149521985944,2354.0301791807506,9998.718392784696
Ki.Q294V,51.02414309291148,4.178739141131871,116.17833165483482
Ki.F164T,11.0837292499677,0.7181555132940165,23.785946019256876
Ki.Q294K,367.38287265349555,254.00239209240283,452.83996860092657
Ki.Q294R,4846.367890713279,1611.3831472812278,8165.31634029526
ep_AI.Q294V,-0.45571915592659307,-1.4505228784332127,2.233881309460852
ep_AI.F164T,-0.6871048250668591,-1.9396382189543853,1.4644466906210931
ep_AI.Q294K,-3.107939937837241,-3.172212610988909,-3.0037916085969907
ep_AI.Q294R,-2.4535510556557334,-2.4973013672502025,-2.4057959488974845
sigma.1,0.09946984552237138,0.08833901862023581,0.1308857742414209
sigma.2,0.11014832785994991,0.09567244970325947,0.13882601708410686
sigma.3,0.0700268553765564,0.06136062615528384,0.07758802665472647
sigma.4,0.021518241410392564,0.017768330287138968,0.02541015983499809
ep_a.1,6.8388972554584875,6.226395934279854,8.674441514784766
ep_a.2,5.621606497137627,5.173693289692279,9.208305813980031
ep_a.3,8.053306465201413,7.377246801349923,8.968366635732504
ep_a.4,8.674906008774968,7.763884108120688,9.210212203041365
ep_i.1,3.932298914687403,2.3857120752328083,4.922417426244406
ep_i.2,2.405478199597342,1.1325258652367753,3.393546637046811
ep_i.3,5.906404553984793,5.6062500751110065,6.155093221576295
ep_i.4,8.485984814861721,7.5720697900248375,9.073333635604731
