parameter,mode,hpd_min,hpd_max
Ka.Q294V,1290.7677053041743,385.4471042378593,6152.913364999198
Ka.F164T,313.7666486128854,93.66872737640253,8442.429373728428
Ka.Q294K,2797.2422353200755,1320.673152292814,7623.980328697983
Ka.Q294R,7201.487294105396,2684.2624080180553,9999.891716809181
Ki.Q294V,58.41348698804594,0.5476480677257811,120.26459445593218
Ki.F164T,11.034790582353793,0.7957313478923478,24.364012300633895
Ki.Q294K,325.6150113917888,265.0200489642551,457.40199080597677
Ki.Q294R,5609.660549089256,1644.4544675571515,7906.485351906582
ep_AI.Q294V,-0.49265029992177306,-1.5630317968861747,2.3343209880930136
ep_AI.F164T,-0.7819220948543069,-1.8602622266062816,1.302374056920418
ep_AI.Q294K,-3.07565341144182,-3.1841199870722146,-3.017143047068362
ep_AI.Q294R,-2.4534861861929396,-2.495945565366201,-2.403948391443829
sigma.1,0.11185695363801912,0.08979343156545717,0.13171237743019604
sigma.2,0.11539935574803724,0.09534908604168188,0.14110873571060778
sigma.3,0.06924853101673804,0.060181614430254014,0.07631810721718195
sigma.4,0.022834240982273685,0.018052997815866882,0.02588632003624458
ep_a.1,7.162992440732637,6.196324243869001,8.787214284675494
ep_a.2,5.748649552346187,5.141769166809389,9.18310767931653
ep_a.3,7.936389294857747,7.4465012544241445,9.03245054768257
ep_a.4,8.882042852297536,7.895161260830545,9.210329543598474
ep_i.1,4.067546804747409,2.3231375962794742,5.070373381017197
ep_i.2,2.40105306194401,1.2021046162197033,3.427589413397183
ep_i.3,5.785715736848774,5.634601819397525,6.1687119443475416
ep_i.4,8.632245488502315,7.677814616961279,9.052800955209612
