parameter,mode,hpd_min,hpd_max,repressors,mutant,operator
Ka,171.75021006394618,75.41468984553768,1431.5444140797413,260.0,F164T,O2
Ki,0.5872709538945475,0.4461708737502068,0.8174147774536733,260.0,F164T,O2
sigma,0.11064930362290769,0.09531538746992406,0.13949708728726198,260.0,F164T,O2
lp__,104.75125188680357,99.46791466089147,104.74486381887216,260.0,F164T,O2
Ka,57.087202450536445,25.449890096886918,102.2950886686047,260.0,Q294K,O1
Ki,0.5316678078559622,0.2610873963232452,0.8822521370105418,260.0,Q294K,O1
sigma,0.07876447218163765,0.06841164698388141,0.09668266198044803,260.0,Q294K,O1
lp__,135.90442299858057,131.83615706101654,135.90442299858057,260.0,Q294K,O1
Ka,2298.6353996464904,83.39167368820344,4797.216304723571,260.0,Q294K,O3
Ki,0.0017582814093586308,2.095421614001225e-06,0.0032266432786753896,260.0,Q294K,O3
sigma,0.16882738089383734,0.14596691016706134,0.19758138348439813,260.0,Q294K,O3
lp__,112.24068903498348,107.8050762885179,112.22541531061809,260.0,Q294K,O3
Ka,2.430945029160969,0.0033424548778748786,6.303209959810374,260.0,Q294R,O1
Ki,0.08215177049963884,0.00012111764757793964,0.20574442535892246,260.0,Q294R,O1
sigma,0.019626167044552778,0.016555969754476527,0.023630846230708807,260.0,Q294R,O1
lp__,241.9537507834845,237.15883200684553,241.9505873441457,260.0,Q294R,O1
Ka,0.02202087869884739,0.0033455404885307516,0.048108337686314506,260.0,Q294R,O2
Ki,0.000658588993340814,9.998339933758871e-05,0.0014305060785924084,260.0,Q294R,O2
sigma,0.04574093617944863,0.03832056122437458,0.05617427970285358,260.0,Q294R,O2
lp__,141.04226872807857,136.88780040300165,141.01428911960375,260.0,Q294R,O2
Ka,2423.2600054551394,1.1454554794865235,4730.3948361940365,260.0,Q294R,O3
Ki,0.002034343118961779,3.2906022351397723e-06,0.0036044898327203256,260.0,Q294R,O3
sigma,0.15607214815154077,0.1329822422040579,0.1813658294008324,260.0,Q294R,O3
lp__,120.13366187671191,115.40890227462096,120.13053090171857,260.0,Q294R,O3
Ka,655.2832998619612,349.8200489066744,1346.9119532054924,260.0,Q294V,O2
Ki,3.32067185797591,2.508171940705517,4.604770510289735,260.0,Q294V,O2
sigma,0.10479066978419023,0.09029556515195516,0.13025102254801757,260.0,Q294V,O2
lp__,110.50702589630197,106.59267547441915,110.50702589630197,260.0,Q294V,O2
