parameter,mode,hpd_min,hpd_max
Ka.Q294V,700.2233999000218,341.9044013139283,1495.0454650083007
Ka.F164T,180.53042463255952,75.22931055732151,2216.6238883940655
Ka.Q294K,130.3681143031077,40.75060601804348,177.88842657580906
Ka.Q294R,0.02236203915650936,0.0018770963911007854,0.04580832164813309
Ki.Q294V,3.503367154486514,2.4584854712611515,4.704974037397225
Ki.F164T,0.5810363185682066,0.4567407932193346,0.8327200756291786
Ki.Q294K,0.8904070295662203,0.41957914771850735,1.128400378164196
Ki.Q294R,0.0006733995755459077,5.762158916677862e-05,0.0013600061110619066
