parameter,mode,hpd_min,hpd_max
Ka.Q294V,1247.2523248017785,401.27195001050666,5211.12940931145
Ka.F164T,264.7659580559214,108.75420074356157,8275.171249004805
Ka.Q294K,2173.008702241577,1377.9640205988442,7647.110232728361
Ka.Q294R,5561.184111274495,2479.5963198568916,9989.102485651933
Ki.Q294V,44.93383430199671,2.031037637079125,111.13613260825161
Ki.F164T,6.1237217998899585,0.5746418385665919,24.21660570223527
Ki.Q294K,301.39253438592027,264.64297451751384,458.24886079832595
Ki.Q294R,4343.3638199161205,1734.0364825426734,8298.13674267708
ep_AI.Q294V,0.03885072296599967,-1.5449019112062898,2.322370502670794
ep_AI.F164T,0.22795085768471612,-1.8347971147791098,1.4958679345675903
ep_AI.Q294K,-3.0883056624751957,-3.1768289683852986,-3.0054050607415643
ep_AI.Q294R,-2.4417646329578164,-2.5009906326498017,-2.4033788232165043
sigma.1,0.09481906701688687,0.08959259724778534,0.1307215004372633
sigma.2,0.11642155431467559,0.09201682454989883,0.138369247193432
sigma.3,0.06921420338471486,0.0616773077901377,0.07793867230619032
sigma.4,0.019258147786702436,0.01752875135051059,0.025276473992842382
ep_a.1,7.128698270681505,6.208309955626761,8.715392290598006
ep_a.2,5.57884625860804,5.096291973612013,9.12544171622831
ep_a.3,7.683867984961515,7.502466207095436,9.069822609440727
ep_a.4,8.623566334223497,7.815851051658608,9.209250026330547
ep_i.1,3.805191058902175,2.362064401999372,5.001465842097605
ep_i.2,1.8121700489206416,1.1011518473187816,3.445063827761284
ep_i.3,5.708413516097696,5.6197466736139186,6.161495558631641
ep_i.4,8.376404400593326,7.649203778663195,9.102740546142604
