parameter,mode,hpd_min,hpd_max
Ka.Q294V,720.9595491171123,335.49837575336807,1523.5140840759882
Ka.F164T,190.06956922550444,71.08801997625702,1557.92306530614
Ka.Q294K,1399.5158702740612,819.9600039744354,2302.299662478325
Ka.Q294R,36.95114967808721,2.6239776310260643,125.71683556211188
Ki.Q294V,3.421363773684627,2.464442270542211,4.730899219564377
Ki.F164T,0.6138845923708836,0.4609960094337229,0.8242689456811059
Ki.Q294K,194.85924758977256,156.3442526234421,242.7276548930829
Ki.Q294R,32.02431419143448,2.918515849850145,107.69394368391194
