,parameter,dimension,meanmode,median,hpd_min,hpd_max,mass_fraction,mean,mode,ep_ai,operator
0,ep_r,1,,-15.693833067033458,-15.795665430390525,-15.592376201893677,0.95,-15.692562635816364,-15.70119705351218,0.35667494393873245,O1
1,ep_r,2,,-14.034955651125781,-14.125095847556743,-13.950538570979846,0.95,-14.033945056590728,-14.042299771292935,0.35667494393873245,O2
2,ep_r,3,,-9.849184910051477,-9.909272518699321,-9.790099169554981,0.95,-9.85038888016513,-9.861866293130408,0.35667494393873245,O3
3,ep_r,4,,-18.13521476938494,-24.337613121889362,-15.990928390525378,0.95,-19.038624057031782,-17.16159282333068,0.35667494393873245,Oid
4,ka,1,,267.62331382920456,251.35570849399272,282.5936673595114,0.95,267.6633431657814,264.40768180031154,0.35667494393873245,
5,ki,1,,5.458533743772822,5.158123964746427,5.811334268318153,0.95,5.4646524314407925,5.4038276506348355,0.35667494393873245,
