,parameter,dimension,meanmode,median,hpd_min,hpd_max,mass_fraction,mean,mode,ep_ai,operator
0,ep_r,1,,-15.120985267028459,-15.226529392473974,-15.002544214961143,0.95,-15.122036587315169,-15.101837046106615,4.5,O1
1,ep_r,2,,-13.43924167746438,-13.538360886982948,-13.350119248074938,0.95,-13.43941423045449,-13.415322798672735,4.5,O2
2,ep_r,3,,-9.206424623434213,-9.267884732745816,-9.144542522145166,0.95,-9.206589961249396,-9.21632304576829,4.5,O3
3,ep_r,4,,-17.86058620187842,-24.735367949831204,-15.59156464620184,0.95,-18.783001759548476,-16.821466310768752,4.5,Oid
4,ka,1,,225.9554082744737,212.80350502685639,239.6469130120585,0.95,226.15163322080562,225.9538698932142,4.5,
5,ki,1,,0.8111315027664185,0.7638929072864108,0.8616824770515196,0.95,0.8113089601338929,0.8199184963095212,4.5,
