,parameter,dimension,meanmode,median,hpd_min,hpd_max,mass_fraction,mean,mode,ep_ai,operator
0,ep_r,1,,-16.06634059776788,-16.176825556752014,-15.969756408677338,0.95,-16.06673404783396,-16.064771050246858,-0.35667494393873245,O1
1,ep_r,2,,-14.411011537056435,-14.506606068899401,-14.327376235788474,0.95,-14.411827532961826,-14.416064449051227,-0.35667494393873245,O2
2,ep_r,3,,-10.23146636319592,-10.292247551192986,-10.171521143302092,0.95,-10.231602490813664,-10.225230708855895,-0.35667494393873245,O3
3,ep_r,4,,-18.693106691243983,-25.893056610681025,-16.309585972953112,0.95,-19.684931439937916,-17.232254309504142,-0.35667494393873245,Oid
4,ka,1,,276.9589359481366,261.2041917118117,293.7327913292678,0.95,277.1695428402193,277.6561068826262,-0.35667494393873245,
5,ki,1,,6.639343307651232,6.252482404250447,7.043887374651212,0.95,6.642957528398263,6.650136930217815,-0.35667494393873245,
