,parameter,dimension,meanmode,median,hpd_min,hpd_max,mass_fraction,mean,mode,ep_ai,operator
0,ep_r,1,,-15.122931477664082,-15.23015105389874,-15.015900189999389,0.95,-15.123176964689952,-15.123461149789808,4.5,O1
1,ep_r,2,,-13.440346955396091,-13.531300551657214,-13.346936193307219,0.95,-13.439916818048427,-13.44322819108455,4.5,O2
2,ep_r,3,,-9.20634480419568,-9.265576313862143,-9.147517419714383,0.95,-9.206461497078683,-9.206208564512677,4.5,O3
3,ep_r,4,,-17.855315844873324,-24.388539909271486,-15.536302385616152,0.95,-18.740296238448263,-16.574028909934217,4.5,Oid
4,ka,1,,226.22486627541997,213.7175134829747,238.82774269473208,0.95,226.32538938018294,225.55612157563337,4.5,
5,ki,1,,0.8113203992126323,0.7660850040192407,0.8592063428632497,0.95,0.811321289344849,0.8099810557974718,4.5,
