parameter,mode,hpd_min,hpd_max
ep_R,-13.603553870987342,-15.296244883471541,-12.901853932907658
ka,198.56979840942807,164.86076834959798,238.78728388879657
ka_tilde,5.291140667586803,5.112186157717023,5.481706197545009
ki,0.8678417131280269,0.3021051142621403,1.2095299095719838
ki_tilde,-0.14174593909848995,-1.0336447311852357,0.25466345767173204
sigma,0.08307454784489615,0.07679015641435553,0.0909549245270228
