,mode,hpd_min,hpd_max
ka,-5.300823044177186,0.046703291223446186,0.009164801511126974
ki,0.32291256849793054,0.026447957072270656,0.025954051203028905
sigma,0.08053045303060528,0.0008241927180337172,0.006292536933034526
60.0,58.53862574501219,0.12094475088703405,2.583495604961378
124.0,124.21951979398385,3.0804885483415916,0.9443883822848989
260.0,260.07497718236084,1.8943514419536314,1.8191821644333572
1220.0,1216.5838300697617,7.060110947413023,15.300755413860088
Q21A_eps,-9.76655381715496,0.09298878458996818,0.07237279711480937
Q21M_eps,-14.58951721927606,0.13542008933884198,0.04497502697327427
Y20I_eps,-8.982675561728502,0.08205080315189583,0.08813304616497142
wt_eps,-13.375179131838673,0.09418793406819148,0.0459962390544284
Ka,200.5017638925865,1.8342751713147436,9.580855831508615
Ki,0.7240371552566672,0.01854993316519815,0.01940478089214237
