parameter,mode,hpd_min,hpd_max
epR_Y20I,-9.630243926915204,-9.926732372955145,-9.44534583726876
epR_Q21A,-10.484653904458682,-10.459134645820457,-10.085499946035851
epR_Q21M,-15.054618818260273,-15.25103422683621,-14.99759051764934
epR_wt,-13.510698520825862,-15.263075174675928,-13.57428097967729
sigma.1,0.06497613521936806,0.08524381283679844,0.1575407534272058
sigma.2,0.07858371789499394,0.06544989719012508,0.12485652554244968
sigma.3,0.0019858898611656967,0.0009557211952505712,0.0033174895266898444
sigma.4,0.01947259754612434,0.010695974357926697,0.021680972482170775
