,parameter,mode,hpd_min,hpd_max
0,epR_Q21M,-17.683230883833332,-18.31574523409245,-13.999546256101603
1,epR_Q21A,-10.250130121996929,-10.361385822473897,-10.179535422164951
2,epR_Y20I,-9.787020291954589,-9.911120385472907,-9.637776924663504
3,epR_wt,-14.267487766904662,-16.14239697179586,-12.891420539733407
4,ka_Q21M,131.8528266888584,141.05804056620673,180.50180895152823
5,ka_Q21A,113.13138811939413,83.70155407595452,190.10784187247864
6,ka_Y20I,36.20238877105758,29.9331487532357,72.2144906643593
7,ka_wt,142.61724889543922,149.7837443304188,225.6160679689422
8,ka_tilde.1,4.881686351241151,4.952809864204896,5.198908265785095
9,ka_tilde.2,4.7285498699894495,4.472327175994359,5.276070457572864
10,ka_tilde.3,3.589125104805365,3.439709251079,4.302863145137612
11,ka_tilde.4,4.9601644606611925,5.032774432117213,5.442034038844545
12,ki_Q21M,0.17608548515999375,0.08182492173071627,1.1314626732317896
13,ki_Q21A,1.0095808837957434,0.8230230516097682,1.0995492812027952
14,ki_Y20I,0.4509683022646638,0.39928042864794977,0.614956076390824
15,ki_wt,0.5400536899637078,0.18635867209971457,1.1822706809377512
16,ki_tilde.1,-1.7367856907271295,-1.9887434752872746,0.27381543368601957
17,ki_tilde.2,0.00953527819185986,-0.19477106945094197,0.09490035147507106
18,ki_tilde.3,-0.79635822517635,-0.918091280269091,-0.48620443422891
19,ki_tilde.4,-0.6160867185075218,-1.5350914640427074,0.21130614804256237
20,sigma.1,0.0721697836864082,0.06539416313908239,0.07742069476113841
21,sigma.2,0.0749975277183825,0.06682568293757113,0.07962226028023463
22,sigma.3,0.09258884267526576,0.08737939691104124,0.10306899607564693
23,sigma.4,0.08978515632119599,0.08125703762182664,0.09672214850918212
