,parameter,mode,hpd_min,hpd_max
0,F164T_ka,-5.048085437314716,-5.803659660021469,-4.567682889777542
1,Q294K_ka,-4.145398083658863,-5.027518802065614,-2.8176300943264962
2,Q294R_ka,6.302842441148729,2.654775196322327,11.497210013998304
3,Q294V_ka,-6.4903326001497454,-7.184320430377064,-5.863952263412658
4,wt_ka,-4.916185449386019,-5.046638732763282,-4.825350050181798
5,F164T_ki,0.53089035692556,0.266111351625965,0.7372928333158448
6,Q294K_ki,0.5970927863023481,-0.05569165396158976,1.6781339217704876
7,Q294R_ki,9.803076065886136,6.230431555865064,14.999997530477414
8,Q294V_ki,-1.285280999580693,-1.6331278870853176,-0.9605941557814526
9,wt_ki,0.5388461426378891,0.4471778633722543,0.6092387386390397
10,sigma,0.12250126353782786,0.11511871927204329,0.13390372027958355
11,lnprobability,556.5344065596507,546.2605241992006,555.3480781018774
12,F164T_Ka,155.7240354695122,86.05923998696126,312.23210482860316
13,Q294K_Ka,63.1427529974178,8.544440015912759,123.00336588880322
14,Q294R_Ka,0.0018310925999317023,8.309983621270895e-06,0.06641233157465674
15,Q294V_Ka,658.7424246123442,308.97003762690366,1231.2807251493064
16,wt_Ka,136.48100526661105,124.51254786021046,155.37229059741054
17,F164T_Ki,0.5880811344019714,0.47286268296110345,0.758501336599133
18,Q294K_Ki,0.5504094702972576,0.12462838028200669,0.9127155081304906
19,Q294R_Ki,5.5281288736584875e-05,3.059030759354483e-07,0.0019686021514921863
20,Q294V_Ki,3.615683820119611,2.498721479107326,4.953837891866714
21,wt_Ki,0.5834210488161666,0.5418723869291132,0.6374168511375251
