,mode,hpd_min,hpd_max
ka,-5.321412715822442,0.03817424131778857,0.0205671625750643
ki,0.31103261510804425,0.029989196651861894,0.02863039857805061
sigma,0.07500793466615893,0.010154564851235157,0.015660630540232562
60.0,58.57279367244913,5.435107144592344,5.162748772897139
124.0,121.99810275609272,7.84810350304835,7.063017498454315
260.0,262.59333260487847,8.06025569086944,5.614506347232464
1220.0,1221.009432822969,41.13213387605924,42.053337286137776
Q21A_eps,-9.5799450737581,0.17235705691168413,0.14835722575314314
Q21M_eps,-24.161626635527867,5.413071110915716,10.447061236388166
Y20I_eps,-8.992665931873532,0.15245606882106877,0.16657801768560532
wt_eps,-13.588067108175691,0.10838425685297715,0.08559465952243528
Ka,204.67282238418798,4.279486710375608,7.847786194527856
Ki,0.7326899787168117,0.020679758678007976,0.022305575310360926
