,mode,hpd_min,hpd_max
F164T_ka,-4.869929572199529,0.7855055263112831,0.27762221912971086
Q294V_ka,-6.6105236866104855,0.39217279133418437,0.6848594863137558
wt_ka,-5.408259220726907,0.08891643087483292,0.1281660462536367
F164T_ki,0.7669423284681903,0.29093378615283705,0.1348431409736074
Q294V_ki,-1.1621572467832535,0.20898868745583954,0.3656611671465291
wt_ki,0.41661148217490573,0.09922285951770171,0.0643250814045635
sigma,0.10303545927919944,0.006153226385538918,0.01429197207631995
260.0,260.08765156571644,2.782428633722816,2.517541721237876
eps,-13.566479501664503,0.09234080513367715,0.11982367491289381
F164T_Ka,130.31173900411957,38.42066260327576,144.37911735811198
Q294V_Ka,742.87194896193,403.01573155238384,294.96928614947933
wt_Ka,223.24263308817032,27.505833784298858,20.041689281113378
F164T_Ki,0.4644309768336103,0.06541315282511684,0.1482108029766675
Q294V_Ki,3.1968221772732295,1.0428498789256424,0.6614085768535243
wt_Ki,0.65927701106339,0.04191447488811506,0.0677800758782875
